<?xml version="1.0" encoding="utf-8"?>
<odoo>

    <record id="group_notif_invoice_due_date" model="res.groups">
        <field name="name">Due date notification</field>
        <field name="category_id" ref="base.module_category_hidden"/>
    </record>

    <record model="ir.cron" id="invoice_due_date_cron">
        <field name="name">Due Date Notif</field>
        <field name="interval_number">1</field>
        <field name="interval_type">days</field>
        <field name="numbercall">-1</field>
        <field name="user_id" ref="base.user_root" />
        <field name="active" eval="False"/>
        <field name="doall" eval="False"/>
        <field name="model" eval="'account.invoice'"/>
        <field name="function" eval="'alert_due_date_invoice_open'"/>
        <field name="args" eval="'()'" />
    </record>

</odoo>