<?xml version="1.0" encoding="utf-8"?>
<odoo>
    <data noupdate="1">

        
        <!-- Sequences for purchase.order.tax --> 
        <record id="seq_purchase_order_tax" model="ir.sequence">
            <field name="name">Purchase Order Tax</field>
            <field name="code">purchase.order.tax</field>
            <field name="prefix">PP</field>
            <field name="padding">5</field>
            <field eval="1" name="number_next"/>
            <field eval="1" name="number_increment"/>
        </record>

        
        <!-- Sequences for purchase.order.tax --> 
        <record id="seq_sale_order_tax" model="ir.sequence">
            <field name="name">Sales Order Tax</field>
            <field name="code">sale.order.tax</field>
            <field name="prefix">SP</field>
            <field name="padding">5</field>
            <field eval="1" name="number_next"/>
            <field eval="1" name="number_increment"/>
        </record>


        <!-- Sequences for delivery.order.tax --> 
        <record id="seq_delivery_order_tax" model="ir.sequence">
            <field name="name">Delivery Order Tax</field>
            <field name="code">stock.picking.tax</field>
            <field name="prefix">WHT/OUT</field>
            <field name="padding">5</field>
            <field eval="1" name="number_next"/>
            <field eval="1" name="number_increment"/>
        </record>

    </data>
</odoo>