<?xml version="1.0" encoding="utf-8"?>
<odoo>
    <data noupdate="1">

        <record id="group_mrp_audit" model="res.groups">
            <field name="name">MRP Audit</field>
            <field name="category_id" ref="base.module_category_hidden"/>
        </record>

        <record id="penyebab_mesin_berhenti1" model="master.penyebab.mesin.berhenti">
            <field name="name">Mesin Rusak</field>
        </record>
        <record id="penyebab_mesin_berhenti2" model="master.penyebab.mesin.berhenti">
            <field name="name">Mesin Mati</field>
        </record>
        <record id="penyebab_mesin_berhenti3" model="master.penyebab.mesin.berhenti">
            <field name="name">Lem Habis</field>
        </record>
        <record id="penyebab_mesin_berhenti4" model="master.penyebab.mesin.berhenti">
            <field name="name">Bahan Terlambat</field>
        </record>
        <record id="penyebab_mesin_berhenti5" model="master.penyebab.mesin.berhenti">
            <field name="name">Operator Sakit</field>
        </record>
        <record id="penyebab_mesin_berhenti6" model="master.penyebab.mesin.berhenti">
            <field name="name">Bahan Sering Putus</field>
        </record>
        <record id="penyebab_mesin_berhenti7" model="master.penyebab.mesin.berhenti">
            <field name="name">Kecepatan Mesin Rendah</field>
        </record>
        <record id="penyebab_mesin_berhenti8" model="master.penyebab.mesin.berhenti">
            <field name="name">Setting Mesin</field>
        </record>

    </data>
</odoo>