<?xml version="1.0" encoding="utf-8"?>
<odoo>
    <data noupdate="1">
     
        <!-- Sequences for movement sletting --> 
        <record id="seq_sletting" model="ir.sequence">
            <field name="name">Movement Sletting</field>
            <field name="code">movement.sletting</field>
            <field name="prefix">MSL</field>
            <field name="padding">5</field>
            <field eval="1" name="number_next"/>
            <field eval="1" name="number_increment"/>
        </record>

    </data>
</odoo>