<?xml version="1.0" encoding="utf-8"?>
<odoo>
    <data noupdate="1">
     
        <!-- Sequences for sletting --> 
        <record id="seq_sletting" model="ir.sequence">
            <field name="name">Sletting</field>
            <field name="code">sletting.order</field>
            <field name="prefix">SL</field>
            <field name="padding">5</field>
            <field eval="1" name="number_next"/>
            <field eval="1" name="number_increment"/>
        </record>

    </data>
</odoo>